eytan schmal, eytanshaham@gmail.com
dor zvulun, zdori4@gmail.com
long vu, longersoft@gmail.com
moriya nadav, moriya.nadav.1234@gmail.com
victor romanov, rommvicc@gmail.com
chris babitski, chris@develeap.com
shai, shayvd@gmail.com
mickael Rahmine, mickaelrahmine@gmail.com
nathan, natx999@hotmail.com
matan kribus, matanwx135+gunshmuel@gmail.com